{
    "counter": {
        "ACTIVE": 4222,
        "INACTIVE": 1,
        "INVALID": 0,
        "MALICIOUS": 0,
        "SANE": 0,
        "VALID": 0,
        "total": 4223
    },
    "percentage": {
        "ACTIVE": 99.97632015155104,
        "INACTIVE": 0.09157509157509157,
        "INVALID": 0,
        "MALICIOUS": 0,
        "SANE": 0,
        "VALID": 0,
        "total": 100.06789524312613
    }
}