{
    "counter": {
        "ACTIVE": 4268,
        "INACTIVE": 2,
        "INVALID": 0,
        "MALICIOUS": 0,
        "SANE": 0,
        "VALID": 0,
        "total": 4270
    },
    "percentage": {
        "ACTIVE": 99.95316159250585,
        "INACTIVE": 0.07473841554559044,
        "INVALID": 0,
        "MALICIOUS": 0,
        "SANE": 0,
        "VALID": 0,
        "total": 100.02790000805145
    }
}