{
    "counter": {
        "ACTIVE": 3135,
        "INACTIVE": 1,
        "INVALID": 0,
        "MALICIOUS": 0,
        "SANE": 0,
        "VALID": 0,
        "total": 3136
    },
    "percentage": {
        "ACTIVE": 99.96811224489795,
        "INACTIVE": 0.09182736455463728,
        "INVALID": 0,
        "MALICIOUS": 0,
        "SANE": 0,
        "VALID": 0,
        "total": 100.05993960945258
    }
}