{
    "counter": {
        "ACTIVE": 4252,
        "INACTIVE": 13,
        "INVALID": 0,
        "MALICIOUS": 0,
        "SANE": 0,
        "VALID": 0,
        "total": 4265
    },
    "percentage": {
        "ACTIVE": 99.69519343493552,
        "INACTIVE": 0.46511627906976744,
        "INVALID": 0,
        "MALICIOUS": 0,
        "SANE": 0,
        "VALID": 0,
        "total": 100.16030971400528
    }
}