{
    "counter": {
        "ACTIVE": 4184,
        "INACTIVE": 1,
        "INVALID": 0,
        "MALICIOUS": 0,
        "SANE": 0,
        "VALID": 0,
        "total": 4185
    },
    "percentage": {
        "ACTIVE": 99.97610513739546,
        "INACTIVE": 0.7092198581560284,
        "INVALID": 0,
        "MALICIOUS": 0,
        "SANE": 0,
        "VALID": 0,
        "total": 100.6853249955515
    }
}