{
    "counter": {
        "ACTIVE": 4279,
        "INACTIVE": 2,
        "INVALID": 0,
        "MALICIOUS": 0,
        "SANE": 0,
        "VALID": 0,
        "total": 4281
    },
    "percentage": {
        "ACTIVE": 99.95328194347115,
        "INACTIVE": 0.07668711656441718,
        "INVALID": 0,
        "MALICIOUS": 0,
        "SANE": 0,
        "VALID": 0,
        "total": 100.02996906003557
    }
}