{
    "counter": {
        "ACTIVE": 4170,
        "INACTIVE": 1,
        "INVALID": 0,
        "MALICIOUS": 0,
        "SANE": 0,
        "VALID": 0,
        "total": 4171
    },
    "percentage": {
        "ACTIVE": 99.97602493406856,
        "INACTIVE": 0.7092198581560284,
        "INVALID": 0,
        "MALICIOUS": 0,
        "SANE": 0,
        "VALID": 0,
        "total": 100.6852447922246
    }
}