{
    "counter": {
        "ACTIVE": 1066,
        "INACTIVE": 1,
        "INVALID": 0,
        "MALICIOUS": 0,
        "SANE": 0,
        "VALID": 0,
        "total": 1067
    },
    "percentage": {
        "ACTIVE": 99.90627928772258,
        "INACTIVE": 0.10224948875255624,
        "INVALID": 0,
        "MALICIOUS": 0,
        "SANE": 0,
        "VALID": 0,
        "total": 100.00852877647515
    }
}