{
    "counter": {
        "ACTIVE": 4283,
        "INACTIVE": 3,
        "INVALID": 0,
        "MALICIOUS": 0,
        "SANE": 0,
        "VALID": 0,
        "total": 4286
    },
    "percentage": {
        "ACTIVE": 99.93000466635557,
        "INACTIVE": 0.11459129106187929,
        "INVALID": 0,
        "MALICIOUS": 0,
        "SANE": 0,
        "VALID": 0,
        "total": 100.04459595741746
    }
}