{
    "counter": {
        "ACTIVE": 2243,
        "INACTIVE": 8,
        "INVALID": 0,
        "MALICIOUS": 0,
        "SANE": 0,
        "VALID": 0,
        "total": 2251
    },
    "percentage": {
        "ACTIVE": 99.64460239893381,
        "INACTIVE": 0.4878048780487805,
        "INVALID": 0,
        "MALICIOUS": 0,
        "SANE": 0,
        "VALID": 0,
        "total": 100.13240727698259
    }
}