{
    "counter": {
        "ACTIVE": 4290,
        "INACTIVE": 1,
        "INVALID": 0,
        "MALICIOUS": 0,
        "SANE": 0,
        "VALID": 0,
        "total": 4291
    },
    "percentage": {
        "ACTIVE": 99.97669540899557,
        "INACTIVE": 0.09140767824497258,
        "INVALID": 0,
        "MALICIOUS": 0,
        "SANE": 0,
        "VALID": 0,
        "total": 100.06810308724054
    }
}