{
    "counter": {
        "ACTIVE": 4252,
        "INACTIVE": 2,
        "INVALID": 0,
        "MALICIOUS": 0,
        "SANE": 0,
        "VALID": 0,
        "total": 4254
    },
    "percentage": {
        "ACTIVE": 99.9529854254819,
        "INACTIVE": 0.1834862385321101,
        "INVALID": 0,
        "MALICIOUS": 0,
        "SANE": 0,
        "VALID": 0,
        "total": 100.13647166401401
    }
}