{
    "counter": {
        "ACTIVE": 3278,
        "INACTIVE": 2,
        "INVALID": 0,
        "MALICIOUS": 0,
        "SANE": 0,
        "VALID": 0,
        "total": 3280
    },
    "percentage": {
        "ACTIVE": 99.9390243902439,
        "INACTIVE": 0.07668711656441718,
        "INVALID": 0,
        "MALICIOUS": 0,
        "SANE": 0,
        "VALID": 0,
        "total": 100.01571150680832
    }
}