{
    "counter": {
        "ACTIVE": 1330,
        "INACTIVE": 1,
        "INVALID": 0,
        "MALICIOUS": 0,
        "SANE": 0,
        "VALID": 0,
        "total": 1331
    },
    "percentage": {
        "ACTIVE": 99.92486851990984,
        "INACTIVE": 0.23923444976076555,
        "INVALID": 0,
        "MALICIOUS": 0,
        "SANE": 0,
        "VALID": 0,
        "total": 100.16410296967061
    }
}