{
    "counter": {
        "ACTIVE": 4248,
        "INACTIVE": 10,
        "INVALID": 0,
        "MALICIOUS": 0,
        "SANE": 0,
        "VALID": 0,
        "total": 4258
    },
    "percentage": {
        "ACTIVE": 99.76514795678722,
        "INACTIVE": 0.2681684097613301,
        "INVALID": 0,
        "MALICIOUS": 0,
        "SANE": 0,
        "VALID": 0,
        "total": 100.03331636654855
    }
}