{
    "counter": {
        "ACTIVE": 4153,
        "INACTIVE": 1,
        "INVALID": 0,
        "MALICIOUS": 0,
        "SANE": 0,
        "VALID": 0,
        "total": 4154
    },
    "percentage": {
        "ACTIVE": 99.97592681752528,
        "INACTIVE": 0.7092198581560284,
        "INVALID": 0,
        "MALICIOUS": 0,
        "SANE": 0,
        "VALID": 0,
        "total": 100.68514667568131
    }
}