{
    "counter": {
        "ACTIVE": 1788,
        "INACTIVE": 9,
        "INVALID": 0,
        "MALICIOUS": 0,
        "SANE": 0,
        "VALID": 0,
        "total": 1797
    },
    "percentage": {
        "ACTIVE": 99.49916527545909,
        "INACTIVE": 0.5481120584652862,
        "INVALID": 0,
        "MALICIOUS": 0,
        "SANE": 0,
        "VALID": 0,
        "total": 100.04727733392438
    }
}