{
    "counter": {
        "ACTIVE": 1501,
        "INACTIVE": 4,
        "INVALID": 0,
        "MALICIOUS": 0,
        "SANE": 0,
        "VALID": 0,
        "total": 1505
    },
    "percentage": {
        "ACTIVE": 99.734219269103,
        "INACTIVE": 0.4662004662004662,
        "INVALID": 0,
        "MALICIOUS": 0,
        "SANE": 0,
        "VALID": 0,
        "total": 100.20041973530346
    }
}