{
    "counter": {
        "ACTIVE": 4267,
        "INACTIVE": 1,
        "INVALID": 0,
        "MALICIOUS": 0,
        "SANE": 0,
        "VALID": 0,
        "total": 4268
    },
    "percentage": {
        "ACTIVE": 99.97656982193065,
        "INACTIVE": 0.09157509157509157,
        "INVALID": 0,
        "MALICIOUS": 0,
        "SANE": 0,
        "VALID": 0,
        "total": 100.06814491350575
    }
}