{
    "counter": {
        "ACTIVE": 4260,
        "INACTIVE": 1,
        "INVALID": 0,
        "MALICIOUS": 0,
        "SANE": 0,
        "VALID": 0,
        "total": 4261
    },
    "percentage": {
        "ACTIVE": 99.97653133067355,
        "INACTIVE": 0.23923444976076555,
        "INVALID": 0,
        "MALICIOUS": 0,
        "SANE": 0,
        "VALID": 0,
        "total": 100.21576578043432
    }
}