{
    "counter": {
        "ACTIVE": 4257,
        "INACTIVE": 3,
        "INVALID": 0,
        "MALICIOUS": 0,
        "SANE": 0,
        "VALID": 0,
        "total": 4260
    },
    "percentage": {
        "ACTIVE": 99.92957746478874,
        "INACTIVE": 0.1038781163434903,
        "INVALID": 0,
        "MALICIOUS": 0,
        "SANE": 0,
        "VALID": 0,
        "total": 100.03345558113223
    }
}