{
    "counter": {
        "ACTIVE": 4163,
        "INACTIVE": 1,
        "INVALID": 0,
        "MALICIOUS": 0,
        "SANE": 0,
        "VALID": 0,
        "total": 4164
    },
    "percentage": {
        "ACTIVE": 99.97598463016331,
        "INACTIVE": 0.7092198581560284,
        "INVALID": 0,
        "MALICIOUS": 0,
        "SANE": 0,
        "VALID": 0,
        "total": 100.68520448831934
    }
}