{
    "counter": {
        "ACTIVE": 4018,
        "INACTIVE": 1,
        "INVALID": 0,
        "MALICIOUS": 0,
        "SANE": 0,
        "VALID": 0,
        "total": 4019
    },
    "percentage": {
        "ACTIVE": 99.97511818860413,
        "INACTIVE": 0.09208103130755065,
        "INVALID": 0,
        "MALICIOUS": 0,
        "SANE": 0,
        "VALID": 0,
        "total": 100.06719921991169
    }
}