{
    "counter": {
        "ACTIVE": 3466,
        "INACTIVE": 2,
        "INVALID": 0,
        "MALICIOUS": 0,
        "SANE": 0,
        "VALID": 0,
        "total": 3468
    },
    "percentage": {
        "ACTIVE": 99.94232987312571,
        "INACTIVE": 0.18298261665141813,
        "INVALID": 0,
        "MALICIOUS": 0,
        "SANE": 0,
        "VALID": 0,
        "total": 100.12531248977713
    }
}